DomainName;ValueCode;Description;SortOrder
ZDOC_DOM_STATUS;ACTIVE;Attivo;10
ZDOC_DOM_STATUS;PLANNED;Pianificato;20
ZDOC_DOM_STATUS;DEPRECATED;Deprecato;30
ZDOC_DOM_DIRECTION;INCOMING;Passivo (ingresso);10
ZDOC_DOM_DIRECTION;OUTGOING;Attivo (uscita);20
ZDOC_DOM_DIRECTION;BOTH;Entrambi;30
ZDOC_DOM_ERP_FAMILY;S4HC_PUB;S/4HANA Public Cloud;10
ZDOC_DOM_ERP_FAMILY;S4HC_PRIV;S/4HANA Private Cloud;20
ZDOC_DOM_ERP_FAMILY;ECC6;ECC 6.0;30
ZDOC_DOM_ERP_FAMILY;ALL;Tutte le famiglie ERP;40
ZDOC_DOM_ODATA_VER;V2;OData V2;10
ZDOC_DOM_ODATA_VER;V4;OData V4;20
ZDOC_DOM_FALLBACK;USE_DEFAULT;Usa valore di default;10
ZDOC_DOM_FALLBACK;WARN;Avvisa e prosegui;20
ZDOC_DOM_FALLBACK;BLOCK;Blocca elaborazione;30
ZDOC_DOM_JOB_RESULT;OK;Completato OK;10
ZDOC_DOM_JOB_RESULT;ERROR;Errore;20
ZDOC_DOM_JOB_RESULT;RUNNING;In esecuzione;30
