locale;DomainName;ValueCode;Description
it;ZDOC_DOM_STATUS;ACTIVE;Attivo
it;ZDOC_DOM_STATUS;PLANNED;Pianificato
it;ZDOC_DOM_STATUS;DEPRECATED;Deprecato
it;ZDOC_DOM_DIRECTION;INCOMING;Passivo (ingresso)
it;ZDOC_DOM_DIRECTION;OUTGOING;Attivo (uscita)
it;ZDOC_DOM_DIRECTION;BOTH;Entrambi
it;ZDOC_DOM_ERP_FAMILY;S4HC_PUB;S/4HANA Public Cloud
it;ZDOC_DOM_ERP_FAMILY;S4HC_PRIV;S/4HANA Private Cloud
it;ZDOC_DOM_ERP_FAMILY;ECC6;ECC 6.0
it;ZDOC_DOM_ERP_FAMILY;ALL;Tutte le famiglie ERP
it;ZDOC_DOM_ODATA_VER;V2;OData V2
it;ZDOC_DOM_ODATA_VER;V4;OData V4
it;ZDOC_DOM_FALLBACK;USE_DEFAULT;Usa valore di default
it;ZDOC_DOM_FALLBACK;WARN;Avvisa e prosegui
it;ZDOC_DOM_FALLBACK;BLOCK;Blocca elaborazione
it;ZDOC_DOM_JOB_RESULT;OK;Completato OK
it;ZDOC_DOM_JOB_RESULT;ERROR;Errore
it;ZDOC_DOM_JOB_RESULT;RUNNING;In esecuzione
it;CONFIG_CATEGORY;CONSERVATORE;Conservatore
it;CONFIG_CATEGORY;APP;Applicazione
it;CONFIG_CATEGORY;HASH;Algoritmi
it;CONFIG_CATEGORY;IDV;Standard
it;CONFIG_CATEGORY;ARCHIVA;Archiva
it;CONFIG_CATEGORY;OTHER;Altro
